data,loja,produto,quantidade,preco_unitario
2025-02-02,Loja MAO,Mochila,8.0,162.83
2025-10-08,Loja SP,Bone,1.0,36.87
2025-08-25,Loja POA,Calca,3.0,110.72
2025-06-08,Loja SSA,Bone,2.0,36.61
2025-06-06,Loja POA,Camiseta,10.0,61.79
2025-11-07,Loja POA,Tenis,1.0,245.83
2025-02-01,Loja SP,Tenis,5.0,263.61
2025-09-10,Loja RJ,Jaqueta,7.0,
2025-03-14,Loja RJ,Camiseta,6.0,57.91
2025-02-04,Loja RJ,Mochila,8.0,161.84
2025-07-10,Loja SSA,Jaqueta,9.0,210.4
2025-12-20,Loja SSA,Sandalia,5.0,85.77
2025-09-24,Loja SSA,Jaqueta,10.0,194.47
2025-10-03,Loja RJ,Jaqueta,4.0,
2025-09-17,Loja MAO,Bone,11.0,37.17
2025-10-12,Loja SP,Camiseta,6.0,55.68
2025-07-05,Loja RJ,Mochila,9.0,162.98
2025-02-16,Loja SP,Mochila,10.0,148.04
2025-10-31,Loja RJ,Jaqueta,9.0,195.24
2025-06-13,Loja MAO,Calca,10.0,125.41
2025-07-01,Loja RJ,Camiseta,6.0,60.53
2025-05-15,Loja MAO,Bone,1.0,43.38
2025-03-08,Loja POA,Bone,6.0,42.14
2025-12-02,Loja SSA,Calca,2.0,119.41
2025-10-10,Loja POA,Camiseta,10.0,58.42
2025-08-22,Loja RJ,Camiseta,3.0,65.73
2025-05-26,Loja SSA,Camiseta,3.0,62.51
2025-10-25,Loja MAO,Mochila,3.0,163.43
2025-07-17,Loja RJ,Bone,8.0,36.86
2025-06-10,Loja SSA,Calca,7.0,128.31
2025-06-13,Loja RJ,Mochila,11.0,154.01
2025-03-24,Loja SSA,Calca,5.0,110.83
2025-02-03,Loja SSA,Jaqueta,4.0,203.43
2025-07-20,Loja POA,Sandalia,1.0,93.25
2025-11-18,Loja SSA,Mochila,1.0,135.28
2025-01-24,Loja RJ,Bone,,39.54
2025-11-07,Loja SP,Camiseta,11.0,63.8
2025-10-27,Loja SP,Calca,6.0,114.99
2025-04-11,Loja POA,Calca,10.0,118.91
2025-08-17,Loja MAO,Jaqueta,2.0,197.59
2025-03-01,Loja SP,Bone,2.0,38.32
2025-10-02,Loja POA,Mochila,10.0,162.44
2025-09-11,Loja SSA,Jaqueta,2.0,211.15
2025-05-09,Loja RJ,Bone,1.0,36.79
2025-01-25,Loja SSA,Tenis,5.0,274.74
2025-12-18,Loja RJ,Tenis,11.0,268.85
2025-06-11,Loja MAO,Tenis,8.0,239.1
2025-11-20,Loja POA,Calca,2.0,127.98
2025-09-03,Loja POA,Bone,10.0,36.76
2025-10-09,Loja SP,Camiseta,10.0,65.88
2025-10-03,Loja POA,Calca,9.0,123.87
2025-03-12,Loja MAO,Calca,10.0,123.5
2025-05-12,Loja SP,Calca,3.0,110.08
2025-06-18,Loja SSA,Camiseta,11.0,64.66
2025-06-30,Loja POA,Camiseta,4.0,54.26
2025-01-16,Loja SSA,Sandalia,9.0,85.24
2025-07-17,Loja SSA,Bone,7.0,37.05
2025-02-25,Loja POA,Camiseta,9.0,63.22
2025-09-27,Loja RJ,Jaqueta,7.0,187.83
2025-09-05,Loja SSA,Tenis,8.0,270.42
2025-11-30,Loja SP,Bone,7.0,41.15
2025-09-27,Loja POA,Sandalia,9.0,81.56
2025-05-13,Loja SP,Mochila,9.0,135.07
2025-12-17,Loja SSA,Sandalia,2.0,81.84
2025-05-29,Loja SSA,Jaqueta,10.0,204.13
2025-04-28,Loja SP,Calca,6.0,127.13
2025-11-24,Loja SSA,Bone,4.0,37.81
2025-05-15,Loja POA,Mochila,6.0,160.38
2025-01-28,Loja SSA,Camiseta,11.0,54.6
2025-06-19,Loja SP,Mochila,10.0,158.92
2025-10-16,Loja SP,Camiseta,10.0,65.02
2025-03-10,Loja POA,Mochila,6.0,158.06
2025-06-17,Loja SP,Mochila,9.0,155.84
2025-02-17,Loja RJ,Camiseta,5.0,63.95
2025-09-06,Loja SSA,Tenis,8.0,226.92
2025-06-22,Loja SP,Camiseta,8.0,56.33
2025-04-30,Loja SSA,Tenis,3.0,
2025-03-24,Loja SP,Bone,3.0,39.94
2025-07-24,Loja SP,Camiseta,1.0,62.84
2025-08-31,Loja POA,Jaqueta,2.0,205.1
2025-12-07,Loja SSA,Bone,5.0,42.7
2025-06-08,Loja SP,Jaqueta,6.0,186.12
2025-02-28,Loja RJ,Camiseta,2.0,62.71
2025-10-29,Loja MAO,Tenis,5.0,234.56
2025-08-16,Loja MAO,Tenis,7.0,
2025-09-11,Loja POA,Sandalia,3.0,
2025-02-05,Loja POA,Jaqueta,4.0,219.1
2025-04-24,Loja RJ,Bone,5.0,40.79
2025-10-05,Loja SSA,Tenis,6.0,227.63
2025-10-29,Loja POA,Jaqueta,5.0,204.55
2025-06-07,Loja RJ,Bone,9.0,36.25
2025-10-19,Loja SP,Bone,4.0,42.97
2025-11-01,Loja SP,Tenis,5.0,260.37
2025-05-21,Loja MAO,Camiseta,5.0,55.98
2025-11-22,Loja POA,Sandalia,3.0,82.56
2025-04-15,Loja POA,Tenis,8.0,234.08
2025-03-28,Loja POA,Calca,3.0,131.41
2025-09-05,Loja SSA,Sandalia,,89.15
2025-08-19,Loja SP,Mochila,9.0,158.42
2025-02-20,Loja SP,Camiseta,11.0,61.53
2025-10-29,Loja RJ,Mochila,8.0,152.07
2025-03-14,Loja POA,Camiseta,11.0,55.65
2025-10-19,Loja SSA,Mochila,10.0,163.27
2025-01-03,Loja POA,Jaqueta,6.0,191.96
2025-10-16,Loja POA,Camiseta,9.0,60.83
2025-10-12,Loja MAO,Bone,4.0,41.49
2025-10-10,Loja SP,Calca,6.0,123.48
2025-08-29,Loja POA,Sandalia,6.0,97.82
2025-06-20,Loja POA,Calca,11.0,111.47
2025-09-13,Loja POA,Bone,10.0,39.97
2025-04-11,Loja MAO,Mochila,6.0,147.02
2025-10-10,Loja RJ,Mochila,8.0,149.13
2025-07-21,Loja MAO,Tenis,3.0,230.87
2025-06-16,Loja RJ,Tenis,9.0,231.61
2025-07-03,Loja POA,Sandalia,7.0,85.91
2025-07-25,Loja POA,Mochila,6.0,144.05
2025-01-14,Loja MAO,Mochila,9.0,147.74
2025-02-20,Loja POA,Camiseta,7.0,61.23
2025-03-30,Loja RJ,Sandalia,1.0,92.32
2025-02-11,Loja SP,Camiseta,4.0,58.84
2025-06-09,Loja RJ,Jaqueta,2.0,196.25
2025-08-30,Loja MAO,Mochila,9.0,141.43
2025-08-25,Loja SP,Calca,1.0,122.02
2025-06-20,Loja MAO,Mochila,3.0,144.41
2025-11-06,Loja POA,Tenis,7.0,226.71
2025-07-24,Loja SP,Calca,8.0,117.94
2025-01-29,Loja RJ,Jaqueta,6.0,198.87
2025-10-04,Loja POA,Tenis,10.0,236.19
2025-07-28,Loja RJ,Mochila,11.0,152.07
2025-08-18,Loja SP,Sandalia,2.0,91.08
2025-07-24,Loja SSA,Bone,11.0,41.51
2025-07-20,Loja SSA,Bone,7.0,41.08
2025-02-02,Loja SP,Mochila,7.0,
2025-07-22,Loja RJ,Sandalia,2.0,86.6
2025-10-15,Loja RJ,Jaqueta,7.0,211.39
2025-04-21,Loja SSA,Jaqueta,8.0,201.86
2025-08-07,Loja SSA,Camiseta,7.0,59.08
2025-01-12,Loja SSA,Jaqueta,1.0,204.94
2025-05-06,Loja MAO,Bone,6.0,38.79
2025-06-08,Loja SSA,Jaqueta,11.0,200.41
2025-12-22,Loja RJ,Camiseta,8.0,62.74
2025-03-19,Loja SP,Sandalia,2.0,96.85
2025-04-11,Loja SSA,Bone,11.0,43.26
2025-05-28,Loja MAO,Bone,,39.93
2025-12-26,Loja MAO,Calca,2.0,120.39
2025-11-05,Loja RJ,Tenis,9.0,
2025-01-13,Loja RJ,Tenis,5.0,240.63
2025-03-26,Loja SP,Calca,7.0,127.99
2025-10-25,Loja SP,Calca,5.0,119.76
2025-01-22,Loja POA,Calca,,110.69
2025-11-06,Loja POA,Bone,11.0,36.49
2025-04-12,Loja RJ,Mochila,9.0,160.15
2025-11-29,Loja RJ,Mochila,11.0,136.58
2025-04-17,Loja MAO,Mochila,11.0,143.32
2025-06-07,Loja POA,Bone,1.0,38.58
2025-08-28,Loja MAO,Camiseta,3.0,55.98
2025-02-15,Loja MAO,Bone,8.0,38.41
2025-07-21,Loja RJ,Camiseta,7.0,62.81
2025-07-02,Loja RJ,Tenis,1.0,225.64
2025-10-11,Loja MAO,Sandalia,,95.78
2025-12-27,Loja SSA,Jaqueta,6.0,214.15
2025-08-29,Loja RJ,Calca,7.0,116.84
2025-05-29,Loja SSA,Calca,2.0,111.59
2025-05-28,Loja POA,Mochila,2.0,152.92
2025-06-01,Loja MAO,Jaqueta,2.0,184.69
2025-10-22,Loja RJ,Jaqueta,7.0,
2025-04-27,Loja MAO,Bone,1.0,43.56
2025-03-02,Loja MAO,Calca,,131.78
2025-05-02,Loja SP,Bone,6.0,42.07
2025-01-09,Loja SP,Bone,6.0,38.39
2025-02-08,Loja POA,Sandalia,8.0,93.27
2025-02-02,Loja SP,Calca,6.0,124.83
2025-10-07,Loja RJ,Calca,,117.21
2025-09-19,Loja POA,Calca,9.0,123.28
2025-09-10,Loja MAO,Sandalia,11.0,81.1
2025-06-17,Loja MAO,Calca,9.0,112.92
2025-09-17,Loja SP,Tenis,6.0,251.15
2025-02-28,Loja MAO,Camiseta,6.0,55.87
2025-11-23,Loja SP,Tenis,,233.2
2025-07-01,Loja SSA,Camiseta,7.0,63.93
